Date,actual_price,predicted_price
2024-09-27,177.97000122070312,187.35572936454082
2024-09-30,173.6699981689453,179.09029506617298
2024-10-01,172.07000732421875,174.72397112092767
2024-10-02,175.8000030517578,173.0464358912286
2024-10-03,179.47999572753906,175.72013594965574
2024-10-04,181.16000366210935,178.8673517468378
2024-10-07,184.50999450683597,180.70714727678384
2024-10-08,186.0500030517578,183.48566213855977
2024-10-09,187.13999938964844,185.01628940794035
2024-10-10,185.77999877929688,186.6074653952801
2024-10-11,190.80999755859372,185.09421508882042
2024-10-14,192.2100067138672,190.8561498504932
2024-10-15,187.1300048828125,191.80474062100075
2024-10-16,187.47999572753903,187.88708139726077
2024-10-17,205.83999633789065,187.42230086219658
2024-10-18,200.77999877929688,206.08942551169096
2024-10-21,201.9499969482422,202.54279981971922
2024-10-22,198.47999572753903,202.00635492120455
2024-10-23,200.8600006103516,198.33387932615094
2024-10-24,197.92999267578125,201.1350975688711
2024-10-25,203.44000244140625,198.07753279736062
2024-10-28,194.67999267578125,202.98838284904195
2024-10-29,196.94000244140625,195.37299671903747
2024-10-30,194.47999572753903,196.4245631988524
2024-10-31,190.5399932861328,194.2284860332429
2024-11-01,192.9499969482422,191.70100369654028
2024-11-04,191.55999755859372,192.78293754722654
2024-11-05,195.75999450683597,191.89625370073915
2024-11-06,193.22000122070312,195.49733154557092
2024-11-07,201.19000244140625,192.6935217895625
2024-11-08,201.1999969482422,200.00152530837295
2024-11-11,194.0500030517578,200.72738631488482
2024-11-12,191.7700042724609,195.12675446177127
2024-11-13,186.66000366210935,192.16590701746824
2024-11-14,188.5,188.28036564191277
2024-11-15,186.00999450683597,189.1632525920868
2024-11-18,187.47999572753903,186.44742335815866
2024-11-19,189.6699981689453,187.2572732094022
2024-11-20,188.3600006103516,189.2451256590375
2024-11-21,191.2400054931641,188.23429042537012
2024-11-22,190.0800018310547,190.8191164754135
2024-11-25,185.0800018310547,189.9541407382285
2024-11-26,183.83999633789065,185.4025886901345
2024-11-27,181.19000244140625,184.0702399017246
2024-11-29,184.66000366210935,181.4018938450754
2024-12-02,194.3999938964844,184.2789003475427
2024-12-03,198.88999938964844,194.02362033118337
2024-12-04,200.69000244140625,197.99684933161643
2024-12-05,204.3000030517578,200.10265351475027
2024-12-06,203.0200042724609,202.56572208198122
2024-12-09,199.1699981689453,202.09304843143943
2024-12-10,191.94000244140625,199.1117211865776
2024-12-11,194.6000061035156,193.12414157466264
2024-12-12,191.4600067138672,194.715092018876
2024-12-13,200.9900054931641,192.0985941324052
2024-12-16,202.22000122070312,201.4796015944776
2024-12-17,200.66000366210935,201.8059840904516
2024-12-18,195.55999755859372,200.768220169135
2024-12-19,194.63999938964844,196.24566681959547
2024-12-20,197.2100067138672,195.6626438299536
2024-12-23,207.3600006103516,196.53581977277554
2024-12-24,206.3300018310547,206.24162810950114
2024-12-26,203.05999755859372,206.10281669355481
2024-12-27,201.6300048828125,203.0058231026487
2024-12-30,200.38999938964844,201.42790876852814
2024-12-31,197.4900054931641,200.74127756846246
2025-01-02,201.5800018310547,198.2409687274958
2025-01-03,208.6100006103516,200.85597163973216
2025-01-06,220.00999450683597,207.70516933534057
2025-01-07,211.4199981689453,220.94871970693933
2025-01-08,207.1199951171875,212.30926885788358
2025-01-10,208.3699951171875,207.4517630784976
2025-01-13,201.3600006103516,207.92899216493242
2025-01-14,201.4499969482422,203.14978556221834
2025-01-15,206.8000030517578,202.69090911058265
2025-01-16,214.7899932861328,204.93152985199686
2025-01-17,211.5,215.49190212320718
2025-01-21,218.6999969482422,211.98617774248123
2025-01-22,223.1999969482422,216.46833931937545
2025-01-23,224.6199951171875,221.51119148656107
2025-01-24,221.8800048828125,223.59945131851418
2025-01-27,192.30999755859372,221.70641249751498
2025-01-28,202.3999938964844,194.99253675273937
2025-01-29,202.3300018310547,199.86745088584942
2025-01-30,208.1499938964844,202.40139589374303
2025-01-31,209.32000732421875,210.51972445453433
2025-02-03,199.8000030517578,209.54855083788425
2025-02-04,204.0500030517578,201.6149835386932
2025-02-05,208.57000732421875,203.41392546238876
2025-02-06,210.5,207.43208032545954
2025-02-07,206.1199951171875,211.2673860192299
2025-02-10,207.9499969482422,206.922694206296
2025-02-11,208.7400054931641,207.4015152862694
2025-02-12,206.3800048828125,207.4081899876592
2025-02-13,201.8300018310547,206.49315138369275
2025-02-14,203.8999938964844,201.9817964412632
2025-02-18,202.7400054931641,202.83728960953343
2025-02-19,200.9499969482422,202.84799031550213
2025-02-20,200.1000061035156,201.4910709358537
2025-02-21,198.2400054931641,200.04571490122177
2025-02-24,191.6499938964844,198.18172885733296
2025-02-25,189.3699951171875,192.34429780417852
2025-02-26,194.6199951171875,189.69547660226817
2025-02-27,181.08999633789065,193.72645062304218
2025-02-28,180.52999877929688,182.70826833194226
2025-03-03,172.97000122070312,181.10032290192248
2025-03-04,180.0,175.20275671984928
2025-03-05,184.27999877929688,179.15463209152222
2025-03-06,175.85000610351562,183.57672980535972
2025-03-07,177.10000610351562,177.12034017084443
2025-03-10,170.64999389648438,176.34358547703232
2025-03-11,170.97000122070312,171.91744818922598
2025-03-12,177.1699981689453,172.02370990074996
2025-03-13,171.58999633789062,176.1733835591558
2025-03-14,174.08999633789062,172.57626047890517
2025-03-17,176.24000549316406,173.70965345348304
2025-03-18,173.1300048828125,175.19584653937727
2025-03-19,173.75999450683594,173.76875216020562
2025-03-20,177.47000122070312,173.41698424469996
2025-03-21,176.72999572753906,176.7002163571815
2025-03-24,181.16000366210935,176.71519555783289
2025-03-25,180.8999938964844,180.99509694719742
2025-03-26,173.5,180.59628378581513
2025-03-27,168.24000549316406,174.30104529857635
2025-03-28,165.25,169.4484058393209
2025-03-31,166.0,166.51390933990479
2025-04-01,168.63999938964844,165.47648882865906
2025-04-02,170.38999938964844,168.4801065641468
2025-04-03,157.3800048828125,169.782252076061
2025-04-04,146.8000030517578,157.35119712382584
2025-04-07,146.1699981689453,148.70859727058814
2025-04-08,141.3699951171875,144.84444842508947
2025-04-09,158.75,143.85343041663873
2025-04-10,151.1300048828125,155.28761595487595
2025-04-11,157.0800018310547,152.52304580659256
2025-04-14,155.83999633789062,156.4508940837959
2025-04-15,157.3300018310547,156.1363272406561
2025-04-16,151.6699981689453,158.3844190481832
2025-04-17,151.74000549316406,152.3730935119147
2025-04-21,147.86000061035156,152.7210887286583
2025-04-22,151.39999389648438,148.98279500471108
2025-04-23,157.80999755859375,150.86512392531404
2025-04-24,164.17999267578125,157.44540349749514
2025-04-25,165.10000610351562,163.02971021896155
2025-04-28,163.39999389648438,163.94502947233013
2025-04-29,164.47999572753906,162.3866679093262
2025-04-30,166.69000244140625,163.4464527017126
2025-05-01,172.72000122070312,165.7119718515678
2025-05-02,179.27999877929688,173.21191281666324
2025-05-05,176.39999389648438,178.98343242370356
2025-05-06,172.27999877929688,176.46633887061398
2025-05-07,174.5399932861328,172.00960368348024
2025-05-08,175.22000122070312,173.2436575327274
2025-05-09,176.52000427246094,175.41584571974818
2025-05-12,186.97999572753903,177.22777966781905
2025-05-13,193.9900054931641,187.1752093795039
2025-05-14,194.75999450683597,192.72443270258648
2025-05-15,194.22000122070312,194.28285781775597
2025-05-16,194.22000122070312,192.94091164142628
2025-05-19,193.5,193.39917557319677
2025-05-20,193.4499969482422,192.7588919699192
2025-05-21,191.75999450683597,192.82594223410888
2025-05-22,196.19000244140625,191.59961174470666
2025-05-23,191.97999572753903,195.77330431062
2025-05-27,197.67999267578125,191.92160261164915
2025-05-28,196.13999938964844,197.50281703174915
2025-05-29,197.1499938964844,196.03043269668342
2025-05-30,193.32000732421875,197.71773438484163
2025-06-02,194.83999633789065,193.39188636575273
2025-06-03,197.6100006103516,194.6761549312869
2025-06-04,202.3999938964844,197.05927450665607
2025-06-05,203.33999633789065,202.79704359764585
2025-06-06,205.17999267578125,203.37681692295521
2025-06-09,207.0,204.64092058556344
2025-06-10,212.4600067138672,206.68174946308136
2025-06-11,214.1000061035156,212.49764294266424
2025-06-12,215.42999267578125,213.96659890032967
2025-06-13,211.1000061035156,214.85436015476807
2025-06-16,215.67999267578125,210.61235714932988
2025-06-17,213.8999938964844,214.92048800186603
2025-06-18,213.5,213.7470261975068
2025-06-20,209.50999450683597,214.0970847606659
2025-06-23,210.32000732421875,209.836499709867
2025-06-24,220.08999633789065,209.87554169537543
2025-06-25,222.7400054931641,219.66324212128714
2025-06-26,224.00999450683597,222.81897315696918
2025-06-27,228.57000732421875,224.1950003197126
2025-06-30,226.4900054931641,227.7901245654066
2025-07-01,224.67999267578125,226.17882030507192
2025-07-02,233.6000061035156,224.7330516654838
2025-07-03,234.8000030517578,231.3949740787393
2025-07-07,229.1699981689453,234.54228198193323
2025-07-08,227.8600006103516,230.33622718475272
2025-07-09,231.83999633789065,227.49827055595782
2025-07-10,229.75999450683597,231.49628280228902
2025-07-11,230.3999938964844,230.4831875437449
2025-07-14,228.6699981689453,230.7069518961653
2025-07-15,236.9499969482422,228.51877560438606
2025-07-16,237.55999755859372,237.055978344506
2025-07-17,245.6000061035156,237.45919480188965
2025-07-18,240.3999938964844,246.48361017515705
2025-07-21,238.8500061035156,240.29009080212202
2025-07-22,234.6000061035156,239.0594545179483
2025-07-23,240.3300018310547,234.91538432464947
2025-07-24,241.6000061035156,240.24865138051518
2025-07-25,245.6000061035156,241.44514331426396
2025-07-28,242.75,245.62861051630532
2025-07-29,241.3300018310547,242.35961116850376
2025-07-30,242.91000366210935,241.06304195499524
2025-07-31,241.6199951171875,242.33065838297986
2025-08-01,235.2100067138672,241.9391074092273
2025-08-04,239.0,235.60118184133353
2025-08-05,232.47000122070312,238.74107360839844
2025-08-06,231.3699951171875,232.52077067401842
2025-08-07,242.6199951171875,232.09458746215387
2025-08-08,241.8300018310547,242.07752363343025
2025-08-11,242.08999633789065,242.4058199473111
2025-08-12,244.2899932861328,242.23466839213873
2025-08-13,241.44000244140625,243.2877576036526
2025-08-14,241.0,241.9899955995861
2025-08-15,238.8800048828125,240.97603964805603
2025-08-18,241.41000366210935,238.85196955623542
2025-08-19,232.6999969482422,241.53668580485825
2025-08-20,228.6000061035156,232.81977827391893
2025-08-21,227.3300018310547,229.05591942097087
2025-08-22,232.9900054931641,227.61880491131706
2025-08-25,235.58999633789065,232.30526505703622
2025-08-26,238.72000122070312,235.41334473169266
2025-08-27,239.2899932861328,238.72907920842044
2025-08-28,238.2700042724609,238.5409540785904
2025-08-29,230.8699951171875,237.63060187504558
2025-09-02,228.38999938964844,231.040382878753
2025-09-03,231.38999938964844,228.47067064859766
2025-09-04,235.2100067138672,231.29824175441627
2025-09-05,243.41000366210935,235.31456495702696
2025-09-08,247.19000244140625,244.1550663309135
2025-09-09,250.9199981689453,246.19157513884056
2025-09-10,260.44000244140625,249.73035327110574
2025-09-11,258.9100036621094,259.2977105629652
2025-09-12,259.3299865722656,258.219735052955
2025-09-15,261.3800048828125,258.93230188521557
2025-09-16,262.0599975585937,260.10949972878734
2025-09-17,262.7900085449219,262.50138732260524
2025-09-18,268.6400146484375,262.78342987277574
2025-09-19,264.8699951171875,267.09150752206915
2025-09-22,272.6300048828125,264.8076187759216
2025-09-23,282.7099914550781,270.9115495892547
2025-09-24,280.7099914550781,281.7011828983759
2025-09-25,276.6600036621094,280.9137825784637
2025-09-26,273.3599853515625,275.8150117452351
2025-09-29,273.2300109863281,272.5337407078041
2025-09-30,279.2900085449219,273.55768083459407
2025-10-01,288.4700012207031,278.8818911403723
2025-10-02,288.1099853515625,287.4213470873565
2025-10-03,292.19000244140625,288.2714430142805
2025-10-06,302.3999938964844,291.34085631674316
2025-10-07,294.0299987792969,301.1069743417411
2025-10-08,304.5199890136719,295.25745350447323
2025-10-09,299.8800048828125,301.40340490856215
2025-10-10,280.6600036621094,299.5275784697369
2025-10-13,302.8900146484375,284.6920073463116
2025-10-14,295.94000244140625,298.5024176150546
2025-10-15,304.7099914550781,297.31929758494516
2025-10-16,299.8399963378906,306.567686841845
2025-10-17,295.0799865722656,301.76608205350203
2025-10-20,297.70001220703125,297.91927483036125
2025-10-21,294.510009765625,297.44838023942066
2025-10-22,288.8800048828125,296.0720144324878
2025-10-23,290.7300109863281,290.32257835919154
2025-10-24,294.9599914550781,290.2771905710051
2025-10-27,298.25,294.824406894797
2025-10-28,301.5299987792969,298.4853686094284
2025-10-29,305.0899963378906,300.76384530556425
2025-10-30,303.2200012207031,304.92065965855727
2025-10-31,300.42999267578125,302.7453235321009
2025-11-03,304.8599853515625,300.1669206009865
2025-11-04,294.04998779296875,303.83617269070965
2025-11-05,293.6400146484375,294.70177238858014
2025-11-06,289.239990234375,293.8620839420473
2025-11-07,286.5,289.68585232659825
2025-11-10,295.2699890136719,286.97920721769333
2025-11-11,291.1700134277344,294.50372600247465
2025-11-12,290.6199951171875,291.3007666397789
2025-11-13,282.20001220703125,290.97139532690926
2025-11-14,284.82000732421875,282.8159091262205
2025-11-17,282.010009765625,282.9569957492495
2025-11-18,277.9100036621094,281.89278305720654
2025-11-19,282.3699951171875,278.52210345597996
2025-11-20,277.5,280.8293085263358
2025-11-21,275.0599975585937,278.4472292661667
2025-11-24,284.6400146484375,275.07301507223013
2025-11-25,284.67999267578125,281.1556497211204
2025-11-26,289.9599914550781,284.25918007979635
2025-11-28,291.510009765625,289.49891658711203
2025-12-01,287.67999267578125,290.04750913190946
2025-12-02,292.0899963378906,287.5890446495323
2025-12-03,295.45001220703125,291.5167224765173
2025-12-04,292.92999267578125,293.95967918139286
2025-12-05,294.7200012207031,293.12372870437684
2025-12-08,301.8699951171875,294.5989667887443
2025-12-09,303.4100036621094,301.79082656034734
2025-12-10,310.1400146484375,302.889997765702
2025-12-11,304.8500061035156,308.9523583936025
2025-12-12,292.0400085449219,304.35120835795715
2025-12-15,287.739990234375,293.78449735500544
2025-12-16,286.8699951171875,289.7232902330579
2025-12-17,276.9599914550781,287.87779745532316
2025-12-18,284.67999267578125,279.22183252985633
2025-12-19,288.95001220703125,284.6778886128013
2025-12-22,293.2799987792969,287.7877168343184
2025-12-23,296.95001220703125,293.73782224464594
2025-12-24,298.79998779296875,295.6446667074997
2025-12-26,302.8399963378906,297.8297952809917
2025-12-29,300.9200134277344,302.9351594722684
2025-12-30,299.5799865722656,300.7831420527418
2025-12-31,303.8900146484375,299.68705329891964
2026-01-02,319.6099853515625,303.98300810666115
2026-01-05,322.25,320.4472433838964
2026-01-06,327.42999267578125,323.2941633760929
2026-01-07,318.67999267578125,327.38902786048493
2026-01-08,318.010009765625,318.64044548602396
2026-01-09,323.6300048828125,318.6399939468247
2026-01-12,331.7699890136719,322.33642744258395
2026-01-13,331.2099914550781,330.36821607105594
2026-01-14,327.1099853515625,331.14843697825927
2026-01-15,341.6400146484375,326.84786399346194
2026-01-16,342.3999938964844,343.15964864093985
2026-01-20,327.1600036621094,342.2159896883386
2026-01-21,326.1199951171875,329.8426928534391
2026-01-22,327.3699951171875,327.3151374924055
2026-01-23,334.8699951171875,328.72215218434576
2026-01-26,332.7099914550781,335.62467542382365
2026-01-27,338.3399963378906,332.8099003396601
2026-01-28,342.29998779296875,337.8584170870454
2026-01-29,339.54998779296875,341.3053576704915
2026-01-30,330.5599975585937,339.01890258612184
2026-02-02,341.3599853515625,330.83725692544243
2026-02-03,335.75,337.83307831163256
2026-02-04,325.739990234375,336.928201764822
2026-02-05,330.7300109863281,329.28489347797586
2026-02-06,348.8500061035156,328.1415502099644
2026-02-09,355.4100036621094,346.2001774860728
2026-02-10,361.9100036621094,354.9734843650185
2026-02-11,374.0899963378906,360.7811014520139
2026-02-12,368.1000061035156,370.692838222858
2026-02-13,366.3599853515625,367.30824035881415
2026-02-17,364.2000122070313,365.461380973029
2026-02-18,362.260009765625,363.0854360206868
2026-02-19,360.3900146484375,362.9752357341931
2026-02-20,370.5400085449219,360.4016143445915
2026-02-23,370.0400085449219,368.48791871345384
2026-02-24,385.75,369.52729236849336
2026-02-25,387.7300109863281,384.91937324404716
2026-02-26,376.80999755859375,386.6458969822306
2026-02-27,374.5799865722656,378.0648168661355
2026-03-02,369.1099853515625,372.76406618190595
2026-03-03,353.1300048828125,369.19517194409855
2026-03-04,357.44000244140625,354.96035535482224
2026-03-05,353.8599853515625,357.73661182606156
2026-03-06,338.8900146484375,353.32801052626746
2026-03-09,348.70001220703125,341.41587118933967
2026-03-10,347.0899963378906,344.8985929350456
2026-03-11,354.5599975585937,347.1468060690131
2026-03-12,336.7099914550781,355.17815017274546
2026-03-13,338.3099975585937,337.9622466937799
2026-03-16,340.2300109863281,339.5709457854827
2026-03-17,345.9800109863281,340.1209895289503
2026-03-18,339.57000732421875,346.3458043000028
2026-03-19,338.7900085449219,340.13012769119086
2026-03-20,329.239990234375,336.72373313699063
2026-03-23,338.45001220703125,330.00949564558687
2026-03-24,343.25,336.5751963654475
2026-03-25,347.75,341.24214531481266
2026-03-26,326.1099853515625,348.3646122813225
2026-03-27,326.739990234375,328.53199676363147
2026-03-30,316.5,326.92671865382
2026-03-31,337.95001220703125,319.40458631515503
2026-04-01,341.489990234375,334.87038996122646
2026-04-02,339.0400085449219,341.8165967692912
2026-04-06,341.760009765625,337.65248238881213
2026-04-07,345.32000732421875,338.5324288018164
2026-04-08,365.8999938964844,343.64041976704175
2026-04-09,365.489990234375,366.72966477679074
2026-04-10,370.6000061035156,364.3407495650754
2026-04-13,369.5700073242188,370.7315710566254
2026-04-14,379.8900146484375,367.39486570339074
2026-04-15,375.1000061035156,379.3717115858017
2026-04-16,363.3500061035156,375.28807909794705
2026-04-17,370.5,365.36634852100906
2026-04-20,366.239990234375,368.77551993727684
2026-04-21,368.0799865722656,367.2156862380216
2026-04-22,387.4400024414063,369.30130223587184
2026-04-23,382.6600036621094,384.1836962447015
2026-04-24,402.4599914550781,383.16424985891354
2026-04-27,404.9800109863281,401.51875527592165
2026-04-28,392.3399963378906,403.22604551563927
2026-04-29,393.8299865722656,394.0517057402103
2026-04-30,396.05999755859375,391.36469001473233
2026-05-01,397.6700134277344,395.8903339384524
2026-05-04,401.6099853515625,397.6200001401703
2026-05-05,394.4100036621094,400.6920178104483
2026-05-06,419.5,395.14211060607704
2026-05-07,414.1499938964844,414.7821172475815
2026-05-08,411.6799926757813,414.38366459859753
2026-05-11,404.5400085449219,413.4243528437219
2026-05-12,397.2799987792969,404.5303876719827
2026-05-13,399.7999877929688,399.40838055910353
2026-05-14,417.7200012207031,399.15341013259973
2026-05-15,404.3500061035156,414.3022455830833
2026-05-18,395.9500122070313,405.80287093329025
2026-05-19,392.6099853515625,397.55871395063883
2026-05-20,401.6199951171875,392.3742866651737
2026-05-21,407.1499938964844,401.3974635914201
2026-05-22,404.5199890136719,405.92215288035914
2026-05-26,412.3200073242188,404.84221202928893
2026-05-27,422.7300109863281,411.56320820417756
2026-05-28,424.8599853515625,421.9971909737869
2026-05-29,418.4500122070313,423.4983085231579
2026-06-01,435.6300048828125,418.4611860278529
